,date,open,high,close,low,volume,price_change,p_change,ma5,ma10,ma20,v_ma5,v_ma10,v_ma20,turnover,label
1,2018-05-03,27.65,27.66,27.33,26.56,542419.81,-0.35,-1.26,28.406,29.329,30.634,506299.12,404294.8,425264.66,0.56,0.015367727771679407
2,2018-05-02,28.4,28.66,27.68,27.63,397170.81,-0.72,-2.54,29.125999999999998,29.588,30.932,491781.59,375872.59,426778.27,0.41,0.012644508670520282
3,2018-04-27,28.66,28.75,28.4,27.42,381958.28,-0.1,-0.35,29.572,29.823,31.256,452690.27,388962.37,456904.77,0.39,0.0253521126760563
4,2018-04-26,30.3,30.3,28.5,28.26,812262.56,-1.62,-5.38,29.921999999999997,30.108,31.403000000000002,427257.7,385923.8,459143.3,0.84,0.0035087719298246113
5,2018-04-25,30.65,30.65,30.12,29.96,397684.16,-0.81,-2.62,30.268,30.443,31.529,316060.24,338219.54,447472.87,0.41,0.05378486055776895
6,2018-04-24,29.85,31.1,30.93,29.8,469832.12,1.02,3.41,30.252,30.691999999999997,31.539,302290.47,347044.17,444503.11,0.48,0.026188166828321976
7,2018-04-23,29.88,30.29,29.91,29.79,201714.23,-0.24,-0.8,30.05,30.816999999999997,31.546,259963.59,347775.5,446267.78,0.21,-0.03410230692076227
8,2018-04-20,30.18,30.5,30.15,29.92,254795.45,-0.08,-0.27,30.074,30.988000000000003,31.61,325234.47,375416.02,447971.42,0.26,0.007960199004975074
9,2018-04-19,30.33,30.53,30.23,30.03,256275.23,0.19,0.63,30.294,31.253,31.685,344589.89,408387.44,451817.93,0.26,0.0026463777704267893
10,2018-04-18,30.29,30.69,30.04,29.74,328835.31,0.12,0.4,30.618000000000002,31.594,31.741,360378.85,425954.49,453510.05,0.34,-0.006324900133155835
11,2018-04-17,30.16,30.55,29.92,29.6,258197.72,-0.11,-0.37,31.131999999999998,31.939,31.818,391797.87,446234.52,455416.66,0.27,-0.00401069518716569
12,2018-04-16,31.2,31.23,30.03,29.56,528068.62,-1.22,-3.9,31.584,32.275999999999996,31.953000000000003,435587.42,477683.95,459385.38,0.54,0.003663003663003644
13,2018-04-13,32.16,32.24,31.25,31.03,351572.59,-0.6,-1.88,31.901999999999997,32.689,32.085,425597.58,524847.17,445592.72,0.36,0.039039999999999964
14,2018-04-12,32.57,32.86,31.85,31.75,335220.0,-0.76,-2.33,32.211999999999996,32.696999999999996,32.157,472184.98,532362.8,443805.74,0.35,0.01883830455259031
15,2018-04-11,32.15,33.24,32.61,31.73,485930.44,0.43,1.34,32.57,32.614000000000004,32.189,491530.13,556726.2,438090.76,0.5,0.023305734437289116
16,2018-04-10,31.52,32.18,32.18,31.06,477145.44,0.56,1.77,32.746,32.385999999999996,32.189,500671.16,541962.05,444104.65,0.49,-0.01336233685518955
17,2018-04-09,32.7,32.76,31.62,30.96,478119.41,-1.18,-3.6,32.968,32.275,32.253,519780.49,544760.05,436502.5,0.49,-0.017710309930423742
18,2018-04-04,32.3,33.95,32.8,32.1,584509.62,-0.84,-2.5,33.476,32.231,32.354,624096.75,520526.81,430147.66,0.6,0.03597560975609745
19,2018-04-03,33.2,34.1,33.64,32.52,431945.72,0.15,0.45,33.181999999999995,32.117,32.359,592540.62,495248.43,420321.8,0.44,0.024970273483947782
20,2018-04-02,33.65,34.47,33.49,33.32,531635.62,0.2,0.6,32.658,31.886999999999997,32.361,621922.27,481065.62,427774.92,0.55,-0.004478948939982042
21,2018-03-30,33.7,33.99,33.29,33.17,572692.06,-0.87,-2.55,32.025999999999996,31.695999999999998,32.295,583252.94,464598.8,419860.86,0.59,-0.006007810153199245
22,2018-03-29,31.54,34.46,34.16,31.03,999700.75,2.83,9.03,31.581999999999997,31.63,32.245,569739.61,441086.81,407368.18,1.03,0.02546838407494138
23,2018-03-28,30.51,32.15,31.33,30.3,426728.97,0.31,1.0,30.986,31.48,32.157,416956.87,366338.27,374186.36,0.44,-0.09032875837855087
24,2018-03-27,30.89,31.87,31.02,30.71,578853.94,0.69,2.27,31.052,31.616999999999997,32.226,397956.23,355248.67,377850.13,0.6,-0.009993552546743995
25,2018-03-26,30.76,30.79,30.33,29.9,338288.97,-0.74,-2.38,31.116,31.763,32.319,340208.97,319455.32,374237.34,0.35,-0.02274975272007917
26,2018-03-23,30.02,31.07,31.07,29.21,505125.41,-0.11,-0.35,31.366,31.991999999999997,32.512,345944.67,346247.25,384355.64,0.52,0.02381718699710338
27,2018-03-22,31.8,31.88,31.18,31.04,235787.08,-0.48,-1.52,31.678,32.231,32.695,312434.02,328244.95,378326.32,0.24,0.0035279025016035736
28,2018-03-21,31.47,32.15,31.66,31.31,331725.75,0.32,1.02,31.974,32.477,32.821,315719.67,339768.5,381655.63,0.34,0.015161086544535705
29,2018-03-20,31.4,31.59,31.34,30.75,290117.62,-0.24,-0.76,32.181999999999995,32.601,32.896,312541.12,345395.18,378578.11,0.3,-0.010210593490746659
30,2018-03-19,32.57,32.58,31.58,31.52,366967.47,-1.05,-3.22,32.41,32.834,32.966,298701.68,374484.22,386805.64,0.38,0.007599746675110781
31,2018-03-16,32.58,33.35,32.63,32.5,337572.16,-0.03,-0.09,32.618,32.894,32.982,346549.83,375122.92,388839.98,0.35,0.0321789764020841
32,2018-03-15,32.5,33.1,32.66,32.41,252215.34,-0.04,-0.12,32.784,32.859,32.914,344055.88,373649.55,408208.62,0.26,0.0009185548071033078
33,2018-03-14,32.44,32.95,32.7,32.2,315833.0,0.22,0.68,32.98,32.834,32.918,363817.33,382034.44,424638.11,0.33,0.0012232415902142585
34,2018-03-13,32.59,32.84,32.48,32.37,220920.41,-0.14,-0.43,33.02,32.834,32.931999999999995,378249.24,400451.59,456452.94,0.23,-0.006773399014778509
35,2018-03-12,33.54,33.68,32.62,32.35,606208.25,-0.84,-2.51,33.258,32.876,33.099000000000004,450266.77,429019.37,480398.76,0.62,0.004291845493562249
36,2018-03-09,33.87,33.91,33.46,33.34,325102.41,-0.18,-0.54,33.17,33.032,33.318000000000005,403696.0,422464.04,477720.08,0.33,0.02510460251046035
37,2018-03-08,33.4,33.74,33.64,32.85,351022.56,0.74,2.25,32.934,33.158,33.514,403243.21,428407.69,491304.65,0.36,0.005350772889417352
38,2018-03-07,33.44,33.92,32.9,32.8,387992.56,-0.77,-2.29,32.688,33.164,33.707,400251.56,423542.76,505524.79,0.4,-0.022492401215805532
39,2018-03-06,32.35,33.71,33.67,32.01,581008.06,1.49,4.63,32.648,33.191,33.94,422653.94,411761.05,531032.55,0.6,0.02286902286902296
40,2018-03-05,32.49,33.15,32.18,32.07,373354.41,-0.1,-0.31,32.494,33.097,34.074,407771.96,399127.06,547393.87,0.38,-0.04630205096333132
41,2018-03-02,32.0,32.73,32.28,31.51,322838.47,-0.13,-0.4,32.894,33.069,34.394,441232.08,402557.05,558619.28,0.33,0.003097893432465967
42,2018-03-01,32.17,33.09,32.41,32.02,336064.31,-0.29,-0.89,33.382,32.968,34.782,453572.16,442767.69,562980.48,0.35,0.004011107682813806
43,2018-02-28,32.51,33.23,32.7,31.84,500004.47,-0.2,-0.61,33.64,33.001999999999995,35.171,446833.95,467241.77,578580.49,0.51,0.008868501529052178
44,2018-02-27,34.2,34.28,32.9,32.65,506598.16,-1.28,-3.75,33.734,33.03,35.593,400868.16,512454.29,580711.75,0.52,0.006079027355622971
45,2018-02-26,35.07,35.1,34.18,33.11,540655.0,-0.54,-1.55,33.7,33.321999999999996,35.997,390482.15,531778.15,587814.72,0.56,0.03744880046811004
46,2018-02-23,33.9,35.1,34.72,33.33,384538.88,1.02,3.03,33.244,33.603,36.264,363882.01,532976.13,581108.29,0.4,0.015552995391705045
47,2018-02-22,34.0,34.05,33.7,33.33,302373.25,0.53,1.6,32.554,33.869,36.499,431963.21,554201.61,589319.26,0.31,-0.03026706231453994
48,2018-02-14,32.87,33.32,33.17,32.17,270175.5,0.44,1.34,32.364000000000004,34.249,36.802,487649.59,587506.82,602143.01,0.28,-0.015978293638830302
49,2018-02-13,32.28,33.79,32.73,32.28,454668.12,0.83,2.6,32.326,34.688,37.132,624040.42,650304.05,629243.83,0.47,-0.01344332416743064
50,2018-02-12,31.43,32.32,31.9,31.31,407654.31,0.63,2.02,32.944,35.051,37.506,673074.15,695660.68,655433.67,0.42,-0.026018808777429413
51,2018-02-09,31.5,31.96,31.27,30.2,724944.88,-1.48,-4.52,33.961999999999996,35.718,37.765,702070.24,714681.52,672910.26,0.75,-0.020147105852254526
52,2018-02-08,33.0,33.88,32.75,32.49,580805.12,-0.23,-0.7,35.184,36.595,37.979,676440.0,683193.27,663513.68,0.6,0.0451908396946565
53,2018-02-07,36.43,36.58,32.98,32.5,952129.69,-2.84,-7.93,36.134,37.34,38.099000000000004,687364.05,689919.21,654597.61,0.98,0.006973923590054484
54,2018-02-06,35.93,36.1,35.82,34.88,699836.75,-1.17,-3.16,37.05,38.155,38.234,676567.68,648969.21,629675.92,0.72,0.07928531546622009
55,2018-02-05,36.8,38.06,36.99,36.31,552634.75,-0.39,-1.04,37.158,38.671,38.235,718247.2,643851.28,618607.04,0.57,0.03163017031630175
56,2018-02-02,36.5,37.9,37.38,35.8,596793.69,-0.12,-0.32,37.474000000000004,38.925,38.185,727292.8,629240.45,632514.48,0.61,0.010433386837881234
57,2018-02-01,37.5,38.04,37.5,36.9,635425.38,-0.06,-0.16,38.006,39.129,38.054,689946.54,624436.9,644829.9,0.65,0.0031999999999999316
58,2018-01-31,36.61,37.76,37.56,35.62,898147.81,1.2,3.3,38.546,39.355,37.835,692474.38,616779.2,639512.92,0.92,0.0015974440894569294
59,2018-01-30,38.0,38.0,36.36,36.27,908234.38,-2.21,-5.73,39.26,39.576,37.573,621370.74,608183.62,626949.04,0.93,-0.033003300330033083
60,2018-01-29,40.38,40.56,38.57,38.09,597862.75,-1.47,-3.67,40.184,39.96,37.383,569455.36,615206.66,615708.99,0.62,0.05729841845994298
61,2018-01-26,40.0,40.66,40.04,39.12,410062.38,-0.16,-0.4,40.376,39.812,37.008,531188.09,631138.99,605081.23,0.42,0.036713286713286684
62,2018-01-25,41.12,41.12,40.2,38.8,648064.56,-0.93,-2.26,40.251999999999995,39.363,36.541,558927.27,643834.08,602943.91,0.67,0.003980099502487654
63,2018-01-24,40.7,42.24,41.13,40.46,542629.62,0.15,0.37,40.164,38.858000000000004,36.07,541084.03,619276.01,590315.13,0.56,0.022611232676878184
64,2018-01-23,40.0,41.51,40.98,39.99,648657.5,1.45,3.67,39.891999999999996,38.312,35.539,594996.5,610382.64,577125.93,0.67,-0.0036603221083456733
65,2018-01-22,39.0,39.84,39.53,38.51,406526.41,0.11,0.28,39.736,37.798,35.008,660957.96,593362.8,570012.18,0.42,-0.036681001770806874
66,2018-01-19,39.85,41.09,39.42,39.25,548758.25,-0.34,-0.85,39.248000000000005,37.444,34.524,731089.89,635788.52,566796.18,0.56,-0.002790461694571269
67,2018-01-18,39.6,40.64,39.76,38.9,558848.38,-0.01,-0.03,38.474000000000004,36.978,34.039,728740.9,665222.89,569116.46,0.58,0.008551307847082402
68,2018-01-17,39.48,40.6,39.77,38.3,812191.94,-0.43,-1.07,37.552,36.314,33.481,697467.99,662246.63,557625.37,0.84,0.0002514458134273351
69,2018-01-16,36.5,40.7,40.2,36.4,978464.81,3.11,8.38,36.732,35.57,32.951,625768.78,645714.46,534019.98,1.01,0.010696517412935315
70,2018-01-15,35.84,38.0,37.09,35.61,757186.06,1.54,4.33,35.86,34.806,32.364000000000004,525767.64,616211.32,506161.09,0.78,-0.08385009436505794
71,2018-01-12,35.1,36.62,35.55,35.09,537013.31,0.4,1.14,35.64,34.203,31.965,540487.15,579023.46,488113.24,0.55,-0.04331926863572451
72,2018-01-11,35.55,35.78,35.15,34.54,402483.81,-0.52,-1.46,35.482,33.718,31.693,601704.87,562053.74,480365.97,0.41,-0.011379800853485025
73,2018-01-10,35.6,36.7,35.67,35.5,453695.91,-0.17,-0.47,35.076,33.282,31.432,627025.27,561354.25,476989.47,0.47,0.014578076815250997
74,2018-01-09,35.63,36.11,35.84,34.95,478459.09,-0.15,-0.42,34.408,32.765,31.127,665660.13,543869.22,477686.62,0.49,0.004743303571428619
75,2018-01-08,35.11,36.96,35.99,35.11,830783.62,1.23,3.54,33.751999999999995,32.218,30.831999999999997,706655.01,546661.56,478870.44,0.86,0.004167824395665423
76,2018-01-05,32.98,35.88,34.76,32.8,843101.94,1.64,4.95,32.766,31.604,30.523000000000003,617559.77,497803.84,466740.62,0.87,-0.03538550057537411
77,2018-01-04,32.76,33.53,33.12,32.1,529085.81,0.79,2.44,31.954,31.1,30.283,522402.61,473010.03,454085.88,0.54,-0.049516908212560405
78,2018-01-03,32.5,33.78,32.33,32.23,646870.19,-0.23,-0.71,31.488000000000003,30.648000000000003,30.165,495683.22,453004.12,447121.31,0.67,-0.02443550881534176
79,2018-01-02,31.45,32.99,32.56,31.45,683433.5,1.5,4.83,31.122,30.331,30.1,422078.3,422325.51,442992.9,0.7,0.007063882063882186
80,2017-12-29,30.75,31.71,31.06,30.74,385307.41,0.36,1.17,30.684,29.921,30.015,386668.11,396110.85,427815.73,0.4,-0.04829362524146824
81,2017-12-28,30.4,30.84,30.7,29.87,367316.16,-0.09,-0.29,30.441999999999997,29.726,29.998,378047.91,397203.03,436422.29,0.38,-0.01172638436482083
82,2017-12-27,30.55,31.09,30.79,30.4,395488.84,0.29,0.95,30.246,29.666999999999998,30.024,423617.44,398678.19,468089.75,0.41,0.002923026956804153
83,2017-12-26,30.49,30.8,30.5,30.12,278845.59,0.13,0.43,29.808000000000003,29.581999999999997,30.176,410325.01,392624.7,493200.94,0.29,-0.009508196721311448
84,2017-12-25,30.3,31.33,30.37,30.27,506382.56,0.52,1.74,29.54,29.489,30.188000000000002,422572.71,411504.03,499547.98,0.52,-0.004280540006585413
85,2017-12-22,29.6,30.2,29.85,29.57,342206.41,0.13,0.44,29.158,29.445,30.246,405553.59,411079.32,500307.92,0.35,-0.017420435510887757
86,2017-12-21,28.72,30.19,29.72,28.63,595163.81,1.12,3.92,29.01,29.441999999999997,30.343000000000004,416358.15,435677.4,509414.75,0.61,-0.004374158815612469
87,2017-12-20,29.09,29.1,28.6,28.52,329026.69,-0.56,-1.92,29.088,29.465,30.421999999999997,373738.94,435161.74,508672.83,0.34,-0.03916083916083907
88,2017-12-19,28.66,29.25,29.16,28.4,340084.09,0.7,2.46,29.355999999999998,29.682,30.616999999999997,374924.39,441238.51,544869.98,0.35,0.0192043895747599
89,2017-12-18,29.11,29.26,28.46,28.04,421286.97,-0.65,-2.23,29.438000000000002,29.869,30.749000000000002,400435.35,463660.3,581955.21,0.43,-0.024595924104005597
90,2017-12-15,30.12,30.12,29.11,29.1,396229.19,-1.0,-3.32,29.732,30.108,30.771,416605.05,459520.61,580645.29,0.41,0.022329096530401875
91,2017-12-14,29.94,30.37,30.11,29.85,382067.75,0.17,0.57,29.874000000000002,30.27,30.76,454996.65,475641.54,589031.03,0.39,0.033211557622052475
92,2017-12-13,29.57,30.1,29.94,29.35,334953.94,0.37,1.25,29.842,30.381,30.701999999999998,496584.53,537501.32,598649.24,0.34,-0.005678022712090786
93,2017-12-12,29.73,30.36,29.57,29.51,467638.91,-0.36,-1.2,30.008000000000003,30.769000000000002,30.627,507552.63,593777.18,608955.43,0.48,-0.012512681772066317
94,2017-12-11,29.82,29.95,29.93,29.3,502135.44,0.11,0.37,30.3,30.886999999999997,30.573,526885.25,587591.94,622364.76,0.52,0.012028065486134295
95,2017-12-08,29.38,29.88,29.82,29.05,588187.19,-0.13,-0.43,30.484,31.046,30.43,502436.16,589536.52,614615.32,0.61,-0.0036887994634473317
96,2017-12-07,30.57,31.9,29.95,29.9,590007.19,-0.82,-2.67,30.666,31.244,30.314,496286.44,583152.11,600501.59,0.61,0.00434056761268778
97,2017-12-06,30.73,31.2,30.77,30.26,389794.44,-0.26,-0.84,30.92,31.379,30.2,578418.1,582183.93,582707.58,0.4,0.026649333766655844
98,2017-12-05,30.6,31.48,31.03,30.2,564302.0,0.18,0.58,31.53,31.552,30.044,680001.72,648501.46,583150.92,0.58,0.00837898807605548
99,2017-12-04,30.6,31.3,30.85,29.9,379890.0,0.12,0.39,31.474,31.628,29.885,648298.62,700250.12,573926.73,0.39,-0.005834683954619115
100,2017-12-01,30.5,32.03,30.73,30.5,557438.56,-0.49,-1.57,31.608,31.433000000000003,29.715,676636.87,701769.97,580406.49,0.57,-0.0039049788480312723
101,2017-11-30,33.1,33.4,31.22,30.68,1000665.5,-2.6,-7.69,31.822,31.25,29.588,670017.77,702420.51,575305.98,1.03,0.015695067264573943
102,2017-11-29,30.78,33.83,33.82,30.28,897712.56,3.07,9.98,31.838,31.022,29.5,585949.75,659797.17,543368.03,0.92,0.07687758722649324
103,2017-11-28,31.09,31.35,30.75,30.1,405786.47,-0.77,-2.44,31.574,30.484,29.266,617001.19,624133.69,529628.96,0.42,-0.09983739837398375
104,2017-11-27,31.45,32.6,31.52,30.59,521581.28,-0.28,-0.88,31.781999999999996,30.259,29.177,752201.62,657137.59,532503.53,0.54,0.02442893401015227
105,2017-11-24,31.18,32.29,31.8,30.47,524343.06,0.5,1.6,31.258000000000003,29.813000000000002,29.05,726903.06,639694.11,540260.02,0.54,0.008805031446540917
106,2017-11-23,32.42,32.74,31.3,31.02,580325.38,-1.2,-3.69,30.678,29.384,28.835,734823.24,617851.08,536415.05,0.6,-0.01597444089456869
107,2017-11-22,31.9,33.08,32.5,31.54,1052969.75,0.71,2.23,30.206,29.021,28.646,733644.59,583231.24,528537.13,1.08,0.0369230769230769
108,2017-11-21,28.54,31.79,31.79,28.54,1081788.62,2.89,10.0,29.394000000000002,28.535,28.393,631266.19,517800.39,498175.01,1.11,-0.022334067316766307
109,2017-11-20,28.8,29.01,28.9,27.48,395088.47,0.0,0.0,28.736,28.141,28.153000000000002,562073.57,447603.35,469544.98,0.41,-0.10000000000000002
110,2017-11-17,28.85,29.6,28.9,28.6,563944.0,-0.04,-0.14,28.368000000000002,27.997,28.004,552485.17,459043.01,459666.92,0.58,0.0
111,2017-11-16,28.35,29.38,28.94,28.32,574432.12,0.5,1.76,28.09,27.926,27.868000000000002,500878.92,448191.46,438765.49,0.59,0.0013821700069109432
112,2017-11-15,28.28,28.66,28.44,27.91,541077.75,-0.06,-0.21,27.836,27.976999999999997,27.723000000000003,432817.89,426938.89,420170.16,0.56,-0.017580872011251757
113,2017-11-14,27.05,28.5,28.5,26.7,735825.5,1.44,5.32,27.676,28.048000000000002,27.623,404334.6,435124.24,409818.89,0.76,0.002105263157894692
114,2017-11-13,27.45,27.49,27.06,26.8,347146.47,-0.45,-1.64,27.546,28.094,27.508000000000003,333133.13,407869.46,382268.17,0.36,-0.053215077605321556
115,2017-11-10,27.6,27.83,27.51,27.36,305912.75,-0.16,-0.58,27.625999999999998,28.285999999999998,27.471,365600.85,440825.92,380661.25,0.32,0.016357688113413406
116,2017-11-09,27.52,27.79,27.67,27.3,234126.98,0.03,0.11,27.761999999999997,28.285,27.441999999999997,395504.0,454979.03,381862.01,0.24,0.005782435851102281
117,2017-11-08,27.75,28.14,27.64,27.41,398661.28,-0.21,-0.75,28.118000000000002,28.271,27.413,421059.89,473843.01,387604.65,0.41,-0.001085383502170808
118,2017-11-07,27.36,27.95,27.85,27.3,379818.16,0.39,1.42,28.42,28.25,27.375,465913.88,478549.63,388971.46,0.39,0.007540394973070048
119,2017-11-06,28.2,28.27,27.46,26.95,509485.09,-0.73,-2.59,28.642,28.165,27.311999999999998,482605.79,491486.61,388335.61,0.52,-0.014202476329206138
120,2017-11-03,29.23,29.52,28.19,28.05,455428.47,-1.26,-4.28,28.945999999999998,28.011999999999997,27.261999999999997,516050.99,460290.82,398448.23,0.47,0.02589570769776518
121,2017-11-02,29.3,29.48,29.45,28.68,361906.47,0.3,1.03,28.808000000000003,27.809,27.165,514454.06,429339.51,392964.44,0.37,0.04278438030560265
122,2017-11-01,28.96,30.54,29.15,28.73,622931.19,0.19,0.66,28.424,27.469,27.013,526626.14,413401.42,387986.47,0.64,-0.0102915951972556
123,2017-10-31,28.8,29.28,28.96,28.28,463277.75,-0.02,-0.07,28.08,27.197,26.898000000000003,491185.39,384513.55,375216.62,0.48,-0.006560773480662905
124,2017-10-30,27.5,29.0,28.98,27.41,676711.06,1.48,5.38,27.688000000000002,26.921999999999997,26.788,500367.43,356666.88,381704.96,0.7,0.0006901311249137189
125,2017-10-27,27.7,28.28,27.5,27.26,447443.84,-0.03,-0.11,27.078000000000003,26.655,26.645,404530.66,320496.58,384004.53,0.46,-0.053818181818181834
126,2017-10-26,27.3,27.88,27.53,26.91,422766.84,0.1,0.36,26.81,26.598000000000003,26.66,344224.97,308745.0,382786.99,0.44,0.0010897203051217267
127,2017-10-25,27.01,28.0,27.43,26.86,445727.44,0.43,1.59,26.514,26.555,26.704,300176.71,301366.28,388464.85,0.46,-0.003645643456070048
128,2017-10-24,25.81,27.2,27.0,25.81,509187.97,1.07,4.13,26.314,26.499000000000002,26.769000000000002,277841.7,299393.28,396833.27,0.52,-0.015925925925925916
129,2017-10-23,26.17,26.2,25.93,25.77,197527.2,-0.23,-0.88,26.156,26.458000000000002,26.857,212966.32,285184.61,431189.29,0.2,-0.04126494408021598
130,2017-10-20,26.0,26.23,26.16,25.73,145915.38,0.11,0.42,26.232,26.511999999999997,26.963,236462.5,336605.64,474465.08,0.15,0.008792048929663624
131,2017-10-19,26.44,26.57,26.05,26.01,202525.56,-0.38,-1.44,26.386,26.521,27.12,273265.03,356589.37,544694.1,0.21,-0.0042226487523992105
132,2017-10-18,26.21,26.56,26.43,25.61,334052.41,0.22,0.84,26.596,26.557,27.195,302555.86,362571.51,592102.62,0.34,0.014377601210745328
133,2017-10-17,26.32,26.52,26.21,26.14,184811.06,-0.1,-0.38,26.684,26.598000000000003,27.162,320944.86,365919.69,598773.19,0.19,-0.008393742846241848
134,2017-10-16,26.96,26.97,26.31,26.13,315008.09,-0.62,-2.3,26.76,26.653000000000002,27.114,357402.9,406743.04,611645.72,0.32,0.0038008361839603905
135,2017-10-13,27.2,27.58,26.93,26.81,329928.03,-0.17,-0.63,26.791999999999998,26.634,27.063000000000002,436748.77,447512.48,625033.98,0.34,0.02302265131823249
136,2017-10-12,26.99,27.2,27.1,26.72,348979.69,0.23,0.86,26.656,26.721999999999998,27.006,439913.7,456828.99,648325.97,0.36,0.006273062730627369
137,2017-10-11,26.69,27.27,26.87,26.47,425997.41,0.28,1.05,26.518,26.851999999999997,26.949,422587.16,475563.42,694605.48,0.44,-0.008559732043170839
138,2017-10-10,26.4,26.69,26.59,26.19,367101.28,0.12,0.45,26.511999999999997,27.038,26.796,410894.51,494273.26,691391.59,0.38,-0.010530274539300532
139,2017-10-09,27.45,27.65,26.47,26.24,711737.44,0.22,0.84,26.546,27.256,26.654,456083.17,577193.98,700026.17,0.73,-0.004533434076312844
140,2017-09-29,26.56,26.8,26.25,26.0,345752.69,-0.16,-0.61,26.476,27.413,26.479,458276.19,612324.53,677853.47,0.36,-0.008380952380952338
141,2017-09-28,27.0,27.15,26.41,26.4,262347.0,-0.43,-1.6,26.788,27.718000000000004,26.31,473744.28,732798.83,680919.85,0.27,0.006058311245740256
142,2017-09-27,27.0,27.28,26.84,26.52,367534.16,0.08,0.3,27.186,27.833000000000002,26.151,528539.68,821633.74,682747.18,0.38,0.01602086438152011
143,2017-09-26,26.12,27.22,26.76,26.1,593044.56,0.64,2.45,27.564,27.725,25.971,577652.0,831626.7,681230.58,0.61,-0.0029895366218235533
144,2017-09-25,27.2,27.2,26.12,26.1,722702.56,-1.69,-6.08,27.965999999999998,27.575,25.801,698304.79,816548.4,673409.03,0.74,-0.024502297090352242
145,2017-09-22,28.39,28.67,27.81,27.52,423093.12,-0.59,-2.08,28.35,27.491,25.695999999999998,766372.87,802555.49,682197.79,0.44,0.06076950737144904
146,2017-09-21,28.5,29.06,28.4,27.75,536324.0,-0.33,-1.15,28.648000000000003,27.289,25.465,991853.37,839822.95,685238.06,0.55,0.02077464788732394
147,2017-09-20,28.5,29.55,28.73,28.0,613095.75,-0.04,-0.14,28.48,27.046,25.2,1114727.8,913647.54,667446.31,0.63,0.011486251305255895
148,2017-09-19,28.27,30.1,28.77,28.1,1196308.5,0.73,2.6,27.886,26.553,24.925,1085601.4,888509.92,647902.58,1.23,0.0013903371567604848
149,2017-09-18,29.01,29.74,28.04,27.99,1063043.0,-1.26,-4.3,27.184,26.052,24.647,934792.02,822858.37,613293.33,1.09,-0.026034236804564924
150,2017-09-15,27.5,30.22,29.3,27.47,1550495.62,1.74,6.31,26.631999999999998,25.544,24.375999999999998,838738.1,743382.4,574532.8,1.6,0.04300341296928333
151,2017-09-14,25.78,28.06,27.56,25.55,1150696.12,1.8,6.99,25.93,24.901999999999997,24.052,687792.52,629040.87,524644.26,1.19,-0.06313497822931792
152,2017-09-13,25.3,26.05,25.76,24.99,467463.75,0.5,1.98,25.612,24.469,23.77,712567.28,543860.62,476996.89,0.48,-0.06987577639751541
153,2017-09-12,25.03,25.47,25.26,24.82,442261.62,-0.02,-0.08,25.22,24.217,23.575,691418.45,530834.46,465101.95,0.46,-0.01979414093428345
154,2017-09-11,25.61,26.39,25.28,25.03,582773.38,-0.51,-1.98,24.92,24.026999999999997,23.413,710924.71,530269.65,455374.99,0.6,0.0007911392405063122
155,2017-09-08,25.9,26.28,25.79,25.16,795767.75,-0.18,-0.69,24.456,23.9,23.247,648026.71,561840.09,446279.84,0.82,0.019775106630476852
156,2017-09-07,23.96,26.18,25.97,23.96,1274569.88,2.17,9.12,23.874000000000002,23.641,23.058000000000003,570289.21,530653.17,423698.0,1.31,0.006931074316519049
157,2017-09-06,23.79,24.27,23.8,23.5,361719.62,0.04,0.17,23.326,23.353,22.9,375153.95,421245.08,371934.62,0.37,-0.09117647058823522
158,2017-09-05,23.05,23.89,23.76,23.05,539792.94,0.8,3.48,23.214000000000002,23.296999999999997,22.857,370250.46,407295.24,366097.84,0.56,-0.0016835016835016474
159,2017-09-04,22.9,23.04,22.96,22.69,268283.34,0.08,0.35,23.134,23.241999999999997,22.808000000000003,349614.58,403728.29,348687.44,0.28,-0.034843205574912925
160,2017-09-01,23.26,23.37,22.88,22.74,407080.28,-0.35,-1.51,23.344,23.208000000000002,22.795,475653.47,405683.2,346977.85,0.42,-0.0034965034965035776
161,2017-08-31,23.19,23.43,23.23,23.01,298893.59,-0.01,-0.04,23.408,23.201999999999998,22.793000000000003,491017.13,420247.65,341429.99,0.31,0.01506672406371078
162,2017-08-30,23.52,23.58,23.24,23.23,337202.16,-0.12,-0.51,23.38,23.070999999999998,22.787,467336.2,410133.17,349244.78,0.35,0.0004302925989672122
163,2017-08-29,23.38,23.57,23.36,22.85,436613.53,0.14,0.6,23.38,22.933000000000003,22.804000000000002,444340.01,399369.44,350080.18,0.45,0.005136986301369906
164,2017-08-28,23.27,24.42,24.01,23.27,898477.81,0.81,3.49,23.35,22.799,22.807,457842.0,380480.33,338725.63,0.93,0.027072053311120454
165,2017-08-25,23.5,23.68,23.2,23.14,483898.56,0.11,0.48,23.072,22.593000000000004,22.775,335712.92,330719.59,309272.98,0.5,-0.03491379310344837
166,2017-08-24,23.18,23.32,23.09,22.85,180488.95,-0.15,-0.65,22.996,22.475,22.796999999999997,349478.17,316742.83,305703.44,0.19,-0.004763967085318295
167,2017-08-23,23.25,23.3,23.24,22.92,222221.19,0.03,0.13,22.761999999999997,22.445999999999998,22.791999999999998,352930.14,322624.16,317996.55,0.23,0.0064543889845094056
168,2017-08-22,22.78,23.4,23.21,22.65,504123.47,0.59,2.61,22.486,22.416999999999998,22.801,354398.87,324900.44,322243.47,0.52,-0.0012925463162428946
169,2017-08-21,22.7,22.81,22.62,22.39,287832.44,-0.2,-0.88,22.248,22.373,22.804000000000002,303118.66,293646.59,315170.03,0.3,-0.026083112290008835
170,2017-08-18,21.88,22.95,22.82,21.81,552724.81,0.9,4.11,22.114,22.381999999999998,22.863000000000003,325726.25,288272.5,342541.41,0.57,0.008764241893076218
171,2017-08-17,21.9,21.97,21.92,21.72,197748.77,0.06,0.27,21.954,22.384,22.961,284007.49,262612.32,338788.3,0.2,-0.04105839416058387
172,2017-08-16,22.1,22.1,21.86,21.75,229564.84,-0.16,-0.73,22.13,22.503,23.131999999999998,292318.19,288356.38,360584.72,0.24,-0.002744739249771376
173,2017-08-15,21.99,22.18,22.02,21.86,247722.44,0.07,0.32,22.348000000000003,22.675,23.296,295402.01,300790.92,399510.01,0.26,0.007266121707538608
174,2017-08-14,22.12,22.25,21.95,21.73,400870.41,-0.07,-0.32,22.498,22.815,23.46,284174.52,296970.93,426715.58,0.41,-0.0031890660592255255
175,2017-08-11,22.6,22.69,22.02,22.0,344130.97,-0.78,-3.42,22.65,22.956999999999997,23.592,250818.74,287826.37,416761.92,0.35,0.003178928247048151
176,2017-08-10,22.99,22.99,22.8,22.53,239302.28,-0.15,-0.65,22.814,23.118000000000002,23.713,241217.15,294664.05,441223.89,0.25,0.034210526315789525
177,2017-08-09,22.8,23.08,22.95,22.71,244983.95,0.18,0.79,22.875999999999998,23.138,23.846,284394.58,313368.95,479103.53,0.25,0.006535947712418239
178,2017-08-08,22.81,22.81,22.77,22.58,191585.0,0.06,0.26,23.002,23.185,23.936,306179.82,319586.49,490630.35,0.2,-0.007905138339920936
179,2017-08-07,22.82,23.05,22.71,22.68,234091.48,-0.13,-0.57,23.131999999999998,23.234,24.019000000000002,309767.35,336693.47,511513.7,0.24,-0.0026420079260237217
180,2017-08-04,23.0,23.06,22.84,22.71,296123.06,-0.27,-1.17,23.264,23.343000000000004,24.116,324834.01,396810.33,529008.25,0.3,0.005691768826619922
181,2017-08-03,23.58,23.58,23.11,22.79,455189.41,-0.47,-1.99,23.421999999999997,23.537,24.185,348110.94,414964.28,537940.56,0.47,0.01168325400259626
182,2017-08-02,23.45,24.12,23.58,23.43,353910.16,0.16,0.68,23.4,23.761,24.256999999999998,342343.31,432813.05,552572.49,0.36,0.019932145886344312
183,2017-08-01,23.35,23.55,23.42,23.2,209522.62,0.05,0.21,23.368000000000002,23.916999999999998,24.271,332993.16,498229.11,571902.91,0.22,-0.006831767719897378
184,2017-07-31,23.52,23.58,23.37,23.1,309424.81,-0.26,-1.1,23.336,24.105,24.328000000000003,363619.6,556460.22,584073.68,0.32,-0.0021394950791613484
185,2017-07-28,23.0,23.84,23.63,23.0,412507.69,0.63,2.74,23.421999999999997,24.226999999999997,24.408,468786.65,545697.47,598383.18,0.42,0.011002962336013458
186,2017-07-27,23.45,23.63,23.0,22.94,426351.28,-0.42,-1.79,23.651999999999997,24.307,24.485,481817.62,587783.73,613105.72,0.44,-0.027391304347826044
187,2017-07-26,23.28,23.68,23.42,23.23,307159.41,0.16,0.69,24.122,24.553,24.585,523282.78,644838.12,639104.15,0.32,0.01793339026473107
188,2017-07-25,23.6,23.74,23.26,23.22,362654.81,-0.54,-2.27,24.465999999999998,24.686,24.691,663465.05,661674.2,683665.2,0.37,-0.006878761822871888
189,2017-07-24,24.7,24.72,23.8,23.38,835260.06,-0.98,-3.96,24.874000000000002,24.803,24.851999999999997,749300.84,686333.92,751091.61,0.86,0.022689075630252065
190,2017-07-21,25.19,25.64,24.78,24.65,477662.56,-0.57,-2.25,25.031999999999996,24.889,24.865,622608.29,661206.17,771887.95,0.49,0.039548022598870074
191,2017-07-20,24.85,25.64,25.35,24.73,633677.06,0.21,0.83,24.962,24.833000000000002,24.72,693749.84,660916.83,783801.27,0.65,0.022485207100591726
192,2017-07-19,24.85,26.06,25.14,24.43,1008070.75,-0.16,-0.63,24.984,24.752,24.505,766393.46,672331.93,761844.54,1.04,-0.008353221957040606
193,2017-07-18,25.58,25.8,25.3,24.88,791833.75,0.71,2.89,24.906,24.624000000000002,24.299,659883.36,645576.73,723278.8,0.82,0.006324110671936764
194,2017-07-14,24.45,24.83,24.59,24.36,201797.31,0.16,0.66,24.732,24.551,24.083000000000002,623367.0,611687.15,689632.89,0.21,-0.028873525823505525
195,2017-07-13,24.91,25.35,24.43,24.4,833370.31,-1.03,-4.05,24.746,24.589000000000002,23.901,699804.05,651068.9,686507.93,0.86,-0.006549324600900538
196,2017-07-12,25.7,26.7,25.46,25.22,996895.19,0.71,2.87,24.704,24.662,23.730999999999998,628083.83,638427.7,656499.85,1.03,0.04045561665357428
197,2017-07-11,24.27,25.1,24.75,24.15,475520.25,0.32,1.31,24.52,24.616,23.526,578270.39,633370.19,625160.46,0.49,-0.028686868686868722
198,2017-07-10,24.4,25.38,24.43,24.22,609251.94,-0.23,-0.93,24.342,24.695,23.388,631270.09,705656.2,624934.54,0.63,-0.013098649201801076
199,2017-07-07,24.27,25.09,24.66,24.03,583982.56,0.44,1.82,24.37,24.9,23.252,600007.3,815849.31,641685.77,0.6,0.009326845093268468
200,2017-07-06,24.3,24.66,24.22,23.95,474769.19,-0.32,-1.3,24.432,24.840999999999998,23.061999999999998,602333.75,882569.73,637125.44,0.49,-0.018166804293971977
201,2017-07-05,23.94,24.65,24.54,23.43,747828.0,0.68,2.85,24.62,24.607,22.906,648771.57,906685.71,627664.2,0.77,0.01303993480032601
202,2017-07-04,24.57,24.93,23.86,23.52,740518.75,-0.71,-2.89,24.712,24.256999999999998,22.726999999999997,688469.99,851357.16,602042.67,0.76,-0.028499580888516333
203,2017-07-03,24.76,25.2,24.57,24.36,452938.0,-0.4,-1.6,25.048000000000002,23.974,22.588,780042.31,800980.88,578334.98,0.47,0.028897028897028932
204,2017-06-30,25.0,25.39,24.97,24.64,595614.81,-0.19,-0.76,25.43,23.615,22.423000000000002,1031691.31,767578.63,589804.6,0.61,0.016019223067681162
205,2017-06-29,25.16,25.42,25.16,24.56,706958.31,0.16,0.64,25.25,23.212,22.201999999999998,1162805.7,721946.97,560024.16,0.73,0.007551669316375249
206,2017-06-28,25.38,25.89,25.0,24.78,946320.06,-0.54,-2.11,24.594,22.8,21.971,1164599.85,674572.0,544709.19,0.97,-0.0064000000000000055
207,2017-06-27,26.01,26.03,25.54,25.17,1198380.38,-0.94,-3.55,23.802,22.435,21.746,1014244.34,616950.73,542242.15,1.23,0.02114330462020357
208,2017-06-26,24.94,26.48,26.48,24.55,1711183.0,2.41,10.01,22.9,22.081,21.429000000000002,821919.44,544212.88,491787.63,1.76,0.03549848942598192
209,2017-06-23,21.84,24.07,24.07,21.8,1251186.75,2.19,10.01,21.8,21.603,21.066,503465.94,467522.23,416364.29,1.29,-0.10012463647694225
210,2017-06-22,21.1,22.3,21.88,21.1,715929.06,0.84,3.99,21.174,21.283,20.816,281088.24,391681.15,361169.6,0.74,-0.10009140767824504
211,2017-06-21,21.35,21.43,21.04,20.9,194542.52,0.01,0.05,21.006,21.205,20.680999999999997,184544.15,348642.69,330491.81,0.2,-0.03992395437262357
212,2017-06-20,20.94,21.27,21.03,20.82,236755.86,0.05,0.24,21.068,21.195999999999998,20.581,219657.12,352728.18,325977.71,0.24,-0.0004755111745125064
213,2017-06-19,20.94,21.07,20.98,20.9,118915.52,0.04,0.19,21.261999999999997,21.201999999999998,20.486,266506.33,355689.09,321102.3,0.12,-0.0023832221163012732
214,2017-06-16,21.05,21.18,20.94,20.9,139298.22,-0.1,-0.47,21.406,21.23,20.399,431578.53,412030.57,324618.16,0.14,-0.0019102196752626144
215,2017-06-15,21.26,21.3,21.04,20.82,233208.62,-0.31,-1.45,21.392,21.191,20.319000000000003,502274.06,398101.35,323757.91,0.24,0.004752851711026515
216,2017-06-14,21.9,21.9,21.35,21.32,370107.38,-0.65,-2.96,21.404,21.142,20.237000000000002,512741.22,414846.38,323207.17,0.38,0.014519906323185117
217,2017-06-13,21.91,22.46,22.0,21.5,471001.91,0.3,1.38,21.324,21.057,20.131,485799.23,467533.57,322064.55,0.49,0.029545454545454482
218,2017-06-12,21.48,22.8,21.7,21.48,944276.5,0.83,3.98,21.142,20.776,19.965,444871.86,439362.37,306318.21,0.97,-0.013824884792626762
219,2017-06-06,21.05,21.45,20.87,20.83,492775.88,-0.23,-1.09,21.054000000000002,20.529,19.811,392482.62,365206.35,265282.6,0.51,-0.03977000479156676
220,2017-06-05,20.75,21.26,21.1,20.71,285544.44,0.15,0.72,20.99,20.349,19.691,293928.64,330658.05,249843.61,0.29,0.010900473933649308
221,2017-06-02,21.08,21.3,20.95,20.78,235397.44,-0.14,-0.66,20.88,20.156,19.58,316951.54,312340.94,241393.93,0.24,-0.007159904534606307
222,2017-06-01,21.1,21.37,21.09,20.93,266365.03,-0.17,-0.8,20.79,19.965,19.484,449267.9,299227.25,238547.41,0.27,0.006638217164532981
223,2017-05-31,21.49,21.58,21.26,20.9,682330.31,0.71,3.46,20.41,19.77,19.372,433852.88,286515.5,238692.47,0.7,0.00799623706491071
224,2017-05-30,20.56,20.56,20.55,20.55,6.0,0.0,0.0,20.004,19.567,19.269000000000002,337930.09,237205.75,213797.13,0.0,-0.03454987834549882
225,2017-05-26,20.3,20.75,20.55,20.07,400658.91,0.05,0.24,19.708,19.445999999999998,19.217,367387.46,249414.47,231668.39,0.41,0.0
226,2017-05-25,19.15,20.83,20.5,19.12,896979.25,1.31,6.83,19.432000000000002,19.331,19.177,307730.34,231567.96,237591.37,0.92,-0.002439024390243937
227,2017-05-24,19.14,19.31,19.19,18.92,189289.92,-0.04,-0.21,19.14,19.205,19.17,149186.6,176595.53,202052.05,0.19,-0.06826472120896293
228,2017-05-23,19.01,19.3,19.23,18.92,202716.36,0.16,0.84,19.13,19.153,19.238,139178.12,173274.06,199395.73,0.21,0.0020800832033280887
229,2017-05-22,19.17,19.17,19.07,18.84,147292.88,-0.1,-0.52,19.13,19.092,19.298,136481.41,165358.84,198264.56,0.15,-0.008390141583639231
230,2017-05-19,19.07,19.19,19.17,19.02,102373.29,0.13,0.68,19.184,19.032,19.379,131441.49,169029.17,201322.14,0.11,0.0052164840897236
231,2017-05-18,19.02,19.12,19.04,18.97,104260.53,-0.1,-0.52,19.23,19.004,19.452,155405.58,170446.92,208614.17,0.11,-0.006827731092437109
232,2017-05-17,19.13,19.18,19.14,19.01,139247.56,-0.09,-0.47,19.27,19.002,19.526,204004.46,177867.57,213217.52,0.14,0.005224660397074264
233,2017-05-16,19.3,19.31,19.23,18.87,189232.8,-0.11,-0.57,19.176,18.974,19.593,207369.99,190869.43,213054.58,0.19,0.004680187207488292
234,2017-05-15,19.4,19.47,19.34,19.27,122093.25,-0.06,-0.31,19.054000000000002,18.971,19.659000000000002,194236.27,190388.52,211774.12,0.13,0.005687693898655606
235,2017-05-12,19.11,19.45,19.4,18.93,222193.77,0.16,0.83,18.88,18.987000000000002,19.724,206616.85,213922.31,216594.76,0.23,0.0030927835051545735
236,2017-05-11,18.67,19.4,19.24,18.5,347254.91,0.57,3.05,18.778,19.023,19.801,185488.26,243614.78,218940.14,0.36,-0.008316008316008323
237,2017-05-10,18.62,18.84,18.67,18.62,156075.22,0.05,0.27,18.734,19.135,19.89,151730.69,227508.58,233870.16,0.16,-0.03053026245313319
238,2017-05-09,18.43,18.68,18.62,18.32,123564.22,0.15,0.81,18.772000000000002,19.323,19.992,174368.87,225517.4,249009.41,0.13,-0.0026852846401718964
239,2017-05-08,18.89,18.96,18.47,18.44,183996.14,-0.42,-2.22,18.887999999999998,19.504,20.090999999999998,186540.76,231170.27,256561.17,0.19,-0.008121277747699088
240,2017-05-05,18.95,19.07,18.89,18.81,116550.82,-0.13,-0.68,19.094,19.725,20.207,221227.77,233615.11,263056.68,0.12,0.02223398623610385
241,2017-05-04,18.9,19.19,19.02,18.9,178467.05,0.16,0.85,19.268,19.899,20.302,301741.29,246781.41,283914.79,0.18,0.006834910620399527
242,2017-05-03,19.2,19.25,18.86,18.83,269266.12,-0.34,-1.77,19.535999999999998,20.05,20.38,303286.46,248567.46,317591.27,0.28,-0.008483563096500538
243,2017-05-02,19.3,19.37,19.2,19.1,184423.69,-0.3,-1.54,19.874000000000002,20.211,20.465999999999998,276665.92,235239.73,311792.82,0.19,0.017708333333333326
244,2017-04-28,19.38,19.55,19.5,19.13,357431.16,-0.26,-1.32,20.12,20.347,20.533,275799.78,233159.72,318453.66,0.37,0.015384615384615422
245,2017-04-27,20.32,20.33,19.76,19.0,519118.44,-0.6,-2.95,20.355999999999998,20.461,20.608,246002.46,219267.2,312133.88,0.53,0.013157894736842183
246,2017-04-26,20.49,20.53,20.36,20.34,186192.91,-0.19,-0.93,20.53,20.579,20.684,191821.52,194265.5,299105.54,0.19,0.02946954813359518
247,2017-04-25,20.44,20.63,20.55,20.4,136163.42,0.12,0.59,20.564,20.645,20.726,193848.46,240231.75,309528.63,0.14,0.009245742092457482
248,2017-04-24,20.68,20.69,20.43,20.31,180092.95,-0.25,-1.21,20.548000000000002,20.66,20.773000000000003,193813.54,272501.42,321944.63,0.19,-0.0058737151248164955
249,2017-04-21,20.64,20.75,20.68,20.55,208444.56,0.05,0.24,20.574,20.677,20.824,190519.67,281952.07,339685.3,0.21,0.012088974854932303
250,2017-04-20,20.5,20.75,20.63,20.5,248213.78,0.1,0.49,20.566,20.689,20.843000000000004,192531.95,292498.25,341442.14,0.26,-0.0024236548715463263
251,2017-04-19,20.45,20.62,20.53,20.3,196327.59,0.06,0.29,20.628,20.705,20.871,196709.48,321048.16,343443.6,0.2,-0.004870920603994051
252,2017-04-18,20.56,20.65,20.47,20.46,135988.81,-0.09,-0.44,20.726,20.71,20.901,286615.03,386615.08,361420.48,0.14,-0.002931118710307879
253,2017-04-17,20.64,20.64,20.56,20.37,163623.62,-0.08,-0.39,20.772,20.721,20.954,351189.3,388345.91,394078.37,0.17,0.004377431906614779
254,2017-04-14,20.92,20.92,20.64,20.6,218505.95,-0.3,-1.43,20.78,20.718000000000004,20.99,373384.46,403747.59,411728.38,0.23,0.0038759689922481513
255,2017-04-13,21.0,21.15,20.94,20.72,269101.41,-0.08,-0.38,20.811999999999998,20.755,21.022,392464.55,405000.55,426124.42,0.28,0.014326647564469948
256,2017-04-12,20.7,21.57,21.02,20.7,645855.38,0.32,1.55,20.781999999999996,20.788,21.054000000000002,445386.85,403945.59,473166.37,0.67,0.0038058991436726117
257,2017-04-11,20.6,20.7,20.7,20.2,458860.16,0.1,0.48,20.694000000000003,20.805999999999997,21.038,486615.13,378825.52,461835.35,0.47,-0.015458937198067646
258,2017-04-10,20.72,20.75,20.6,20.51,274599.41,-0.2,-0.96,20.67,20.885,21.033,425502.51,371387.85,450707.77,0.28,-0.004854368932038731
259,2017-04-07,20.79,20.91,20.8,20.67,313906.38,0.01,0.05,20.656,20.97,21.029,434110.71,397418.54,449279.75,0.32,0.009615384615384581
260,2017-04-06,20.63,20.85,20.79,20.58,533712.94,0.21,1.02,20.698,20.997,21.025,417536.55,390386.04,466477.56,0.55,-0.0004810004810005562
261,2017-04-05,20.63,21.0,20.58,20.55,851996.75,0.0,0.0,20.794,21.035999999999998,20.998,362504.32,365839.04,448870.52,0.88,-0.010204081632653104
262,2017-03-31,20.53,20.64,20.58,20.51,153297.08,0.05,0.24,20.918000000000003,21.090999999999998,20.98,271035.91,336225.88,420087.53,0.16,0.0
263,2017-03-30,21.0,21.06,20.53,20.48,317640.41,-0.48,-2.29,21.1,21.186999999999998,20.961,317273.19,399810.83,420935.71,0.33,-0.0024354603019969387
264,2017-03-29,21.28,21.29,21.01,21.0,231035.59,-0.26,-1.22,21.284000000000002,21.261,20.951999999999998,360726.37,419709.18,416195.04,0.24,0.022846263683960037
265,2017-03-28,21.2,21.43,21.27,21.02,258551.77,0.07,0.33,21.296,21.289,20.926,363235.52,447248.29,417173.32,0.27,0.012223789374706065
266,2017-03-27,21.58,21.6,21.2,21.1,394654.72,-0.29,-1.35,21.278000000000002,21.319000000000003,20.889,369173.76,542387.15,412233.84,0.41,-0.0033018867924528438
267,2017-03-24,21.4,21.69,21.49,21.3,384483.44,0.04,0.19,21.264,21.27,20.855,401415.84,544845.19,407173.43,0.4,0.01349464867380173
268,2017-03-23,21.08,21.91,21.45,20.96,534906.31,0.38,1.8,21.274,21.180999999999997,20.816999999999997,482348.46,530027.69,398826.25,0.55,-0.0018648018648018251
269,2017-03-22,21.15,21.17,21.07,20.95,243581.36,-0.11,-0.52,21.238000000000003,21.087,20.784000000000002,478691.98,501140.97,381662.82,0.25,-0.0180351210251542
270,2017-03-21,21.01,21.34,21.18,20.82,288242.97,0.05,0.24,21.281999999999996,21.052,20.775,531261.05,542569.07,380752.06,0.3,0.005193578847969756
271,2017-03-20,21.49,21.49,21.13,20.85,555865.12,-0.41,-1.9,21.36,20.96,20.765,715600.53,531902.0,393182.75,0.57,-0.002366303833412244
272,2017-03-17,22.0,22.28,21.54,21.5,789146.56,0.27,1.27,21.276,20.869,20.739,688274.53,503949.19,377763.66,0.81,0.019034354688950796
273,2017-03-16,21.41,21.68,21.27,21.13,516623.91,-0.02,-0.09,21.088,20.735,20.689,577706.91,442060.59,348213.44,0.53,-0.012693935119887145
274,2017-03-15,21.36,21.57,21.29,21.0,506426.69,-0.28,-1.3,20.936,20.642,20.66,523589.95,412680.9,330934.97,0.52,0.0009394081728510838
275,2017-03-14,20.81,22.4,21.57,20.72,1209940.38,0.86,4.15,20.822,20.563000000000002,20.629,553877.1,387098.35,319979.76,1.25,0.012980992118683409
276,2017-03-13,20.65,20.88,20.71,20.51,419235.12,0.11,0.53,20.56,20.459,20.596,348203.47,282080.53,277970.93,0.43,-0.041525832930951204
277,2017-03-10,20.52,20.75,20.6,20.52,236308.44,0.09,0.44,20.462,20.44,20.599,319623.84,269501.68,271267.75,0.24,-0.005339805825242691
278,2017-03-09,20.6,20.73,20.51,20.35,246039.12,-0.21,-1.01,20.382,20.452,20.601999999999997,306414.27,267624.82,276198.63,0.25,-0.004388103364212572
279,2017-03-08,20.27,20.85,20.72,20.26,657862.44,0.46,2.27,20.348,20.48,20.616,301771.85,262184.67,297859.11,0.68,0.010135135135135006
280,2017-03-07,20.24,20.29,20.26,20.18,181572.23,0.04,0.2,20.304000000000002,20.498,20.615,220319.6,218935.04,273970.07,0.19,-0.022704837117472718
281,2017-03-06,20.25,20.39,20.22,20.14,276336.97,0.02,0.1,20.358,20.57,20.634,215957.59,254463.49,273595.29,0.28,-0.001978239366963536
282,2017-03-03,20.34,20.37,20.2,20.12,170260.59,-0.14,-0.69,20.418,20.609,20.658,219379.51,251578.14,266829.85,0.18,-0.000990099009900969
283,2017-03-02,20.52,20.54,20.34,20.33,222827.0,-0.16,-0.78,20.522,20.643,20.682,228835.37,254366.29,263763.15,0.23,0.006882989183874168
284,2017-03-01,20.55,20.59,20.5,20.49,250601.2,-0.03,-0.15,20.612,20.677,20.803,222597.5,249189.04,252651.75,0.26,0.007804878048780495
285,2017-02-28,20.52,20.59,20.53,20.47,159762.2,0.01,0.05,20.691999999999997,20.694000000000003,20.811999999999998,217550.48,252861.18,247184.1,0.16,0.0014612761811983017
286,2017-02-27,20.57,20.63,20.52,20.48,293446.56,-0.2,-0.96,20.781999999999996,20.732,20.816,292969.39,273861.32,246928.36,0.3,-0.00048732943469793194
287,2017-02-24,20.72,20.77,20.72,20.62,217539.88,-0.07,-0.34,20.8,20.756999999999998,20.824,283776.77,273033.82,240221.95,0.22,0.00965250965250962
288,2017-02-23,20.94,20.98,20.79,20.72,191637.66,-0.11,-0.53,20.764,20.750999999999998,20.825,279897.21,284772.44,237163.61,0.2,0.0033670033670033807
289,2017-02-22,20.95,20.95,20.9,20.79,225366.08,-0.08,-0.38,20.741999999999997,20.752,20.82,275780.58,333533.55,238334.38,0.23,0.005263157894736815
290,2017-02-21,20.72,20.98,20.98,20.63,536856.75,0.37,1.79,20.695999999999998,20.730999999999998,20.805,288171.87,329005.11,237910.48,0.55,0.0038131553860820708
291,2017-02-20,20.55,20.73,20.61,20.52,247483.48,0.07,0.34,20.682,20.697,20.802,254753.26,292727.09,227306.26,0.25,-0.017952450266860796
292,2017-02-17,20.68,20.68,20.54,20.52,198142.08,-0.14,-0.68,20.714000000000002,20.706999999999997,20.811,262290.87,282081.55,230984.1,0.2,-0.0034079844206426624
293,2017-02-16,20.67,20.76,20.68,20.59,171054.5,0.01,0.05,20.738000000000003,20.721,20.834,289647.67,273160.0,248739.01,0.18,0.006769825918762117
294,2017-02-15,20.9,20.9,20.67,20.66,287322.56,-0.24,-1.15,20.761999999999997,20.928,20.891,391286.52,256114.45,293399.6,0.3,-0.000483792936623029
295,2017-02-14,20.77,20.98,20.91,20.7,369763.69,0.14,0.67,20.766,20.929000000000002,20.877,369838.34,241507.02,287466.08,0.38,0.01147776183644182
296,2017-02-13,20.65,20.85,20.77,20.59,285171.5,0.11,0.53,20.712,20.899,20.861,330700.92,219995.39,276936.47,0.29,-0.006740491092922512
297,2017-02-10,20.78,20.78,20.66,20.57,334926.09,-0.14,-0.67,20.7,20.891,20.855,301872.24,207410.09,270225.62,0.34,-0.005324298160696971
298,2017-02-09,20.71,21.35,20.8,20.68,679248.75,0.11,0.53,20.704,20.899,20.854,256672.33,189554.78,265275.29,0.7,0.006730769230769258
299,2017-02-08,20.64,20.71,20.69,20.5,180081.69,0.05,0.24,21.094,20.886999999999997,20.861,120942.38,143135.22,246819.14,0.19,-0.005316578057032355
300,2017-02-07,20.59,20.82,20.64,20.56,174076.59,-0.07,-0.34,21.092,20.878,20.869,113175.69,146815.86,254392.79,0.18,-0.002422480620155073
301,2017-02-06,20.68,20.74,20.71,20.6,141028.06,0.03,0.14,21.086,20.906,20.873,109289.86,161885.42,256539.8,0.15,0.003380009657170463
302,2017-02-03,20.69,20.79,20.68,20.64,108926.58,0.0,0.0,21.081999999999997,20.915,20.865,112947.93,179886.66,262545.89,0.11,-0.0014506769825919311
303,2017-02-02,21.1,22.75,22.75,21.1,599.0,2.07,10.01,21.094,20.947,20.873,122437.23,224318.01,273201.86,0.0,0.09098901098901101
304,2017-01-26,20.65,20.77,20.68,20.65,141248.23,0.07,0.34,20.68,20.853,20.796,165328.05,330684.75,289247.78,0.15,-0.10009671179883947
305,2017-01-25,20.68,20.73,20.61,20.52,154647.45,-0.08,-0.39,20.664,20.825,20.833000000000002,180456.02,333425.15,319350.64,0.16,-0.0033964095099466417
306,2017-01-24,20.77,20.8,20.69,20.65,159318.41,-0.05,-0.24,20.726,20.822,20.835,214480.98,333877.55,330524.51,0.16,0.0038666022232963673
307,2017-01-23,20.7,20.85,20.74,20.7,156373.06,0.06,0.29,20.748,20.819000000000003,20.815,246825.38,333041.15,338776.54,0.16,0.0024108003857279247
308,2017-01-20,20.6,20.83,20.68,20.54,215053.12,0.08,0.39,20.8,20.809,20.809,326198.79,340995.8,355943.75,0.22,-0.0029013539651836905
309,2017-01-19,20.7,20.88,20.6,20.55,216888.06,-0.32,-1.53,21.026,20.834,20.799,496041.44,350503.05,371756.3,0.22,-0.003883495145630985
310,2017-01-18,20.67,21.18,20.92,20.53,324772.25,0.12,0.58,20.986,20.859,20.785,486394.27,361969.73,396865.17,0.33,0.015296367112810719
311,2017-01-17,20.73,20.96,20.8,20.39,321040.41,-0.2,-0.95,20.918000000000003,20.84,20.794,453274.12,351194.17,415650.8,0.33,-0.005769230769230817
312,2017-01-16,21.81,21.81,21.0,20.31,553240.12,-0.81,-3.71,20.89,20.815,20.877,419256.93,345205.13,414297.59,0.57,0.00952380952380949
313,2017-01-13,21.0,22.4,21.81,20.9,1064266.38,1.41,6.91,20.818,20.799,20.944000000000003,355792.81,322085.72,404417.02,1.1,0.03713892709766157
314,2017-01-11,20.52,20.63,20.4,20.4,168652.2,-0.18,-0.88,20.642,20.738000000000003,20.968000000000004,204964.66,247810.81,371844.43,0.17,-0.06911764705882355
315,2017-01-10,20.67,20.69,20.58,20.52,159171.48,-0.08,-0.39,20.732,20.84,21.101,237545.18,305276.13,387636.87,0.16,0.008746355685131182
316,2017-01-09,20.6,20.75,20.66,20.53,150954.45,0.02,0.1,20.761999999999997,20.846999999999998,21.235,249114.22,327171.47,419129.27,0.16,0.0038722168441433615
317,2017-01-06,20.94,21.04,20.64,20.61,235919.55,-0.29,-1.39,20.74,20.811,21.441999999999997,271153.33,344511.93,435665.56,0.24,-0.0009689922480619948
318,2017-01-05,20.85,21.23,20.93,20.78,310125.62,0.08,0.38,20.78,20.808000000000003,21.647,288378.62,370891.7,442897.13,0.32,0.01385570950788338
319,2017-01-04,20.74,20.95,20.85,20.45,331554.81,0.12,0.58,20.834,20.763,21.858,290656.96,393009.55,452122.04,0.34,-0.0038369304556354097
320,2017-01-03,20.55,20.88,20.73,20.55,217016.69,0.18,0.88,20.948,20.711,22.084,373007.09,431760.61,453367.07,0.22,-0.005788712011577472
321,2016-12-30,20.88,20.96,20.55,20.45,261150.0,-0.29,-1.39,20.932,20.748,22.323,405228.71,480107.43,476969.41,0.27,-0.008759124087591226
322,2016-12-29,21.29,21.32,20.84,20.7,322046.0,-0.36,-1.7,20.881999999999998,20.939,22.618000000000002,417870.53,483390.05,489698.39,0.33,0.013915547024951975
323,2016-12-28,21.24,21.48,21.2,21.01,321517.31,-0.22,-1.03,20.836,21.088,22.924,453404.78,486748.32,521104.62,0.33,0.016981132075471674
324,2016-12-27,20.65,21.98,21.42,20.59,743305.44,0.77,3.73,20.691999999999997,21.197,23.213,495362.13,495878.05,564687.95,0.77,0.010270774976657442
325,2016-12-26,20.21,20.69,20.65,20.12,378124.81,0.35,1.72,20.474,21.361,23.45,490514.13,469997.6,566552.71,0.39,-0.037288135593220494
326,2016-12-23,20.47,20.67,20.3,20.25,324359.09,-0.31,-1.5,20.564,21.622,23.737,554986.16,511087.06,610443.42,0.33,-0.017241379310344723
327,2016-12-22,20.3,20.77,20.61,20.1,499717.25,0.13,0.64,20.996,22.073,24.081999999999997,548909.58,526819.2,626522.8,0.51,0.015041242115477861
328,2016-12-21,20.2,20.7,20.48,20.2,531304.06,0.15,0.74,21.34,22.486,24.398000000000003,520091.86,514902.56,622149.26,0.55,-0.006347656249999951
329,2016-12-20,21.0,21.0,20.33,20.15,719065.44,-0.77,-3.65,21.701999999999998,22.951999999999998,24.735,496393.96,511234.54,632629.39,0.74,-0.0073782587309396035
330,2016-12-19,22.0,22.0,21.1,21.04,700484.94,-1.36,-6.05,22.248,23.456999999999997,25.083000000000002,449481.07,474973.54,623195.62,0.72,0.03649289099526081
331,2016-12-16,22.12,22.75,22.46,22.12,293976.19,0.13,0.58,22.68,23.897,25.398000000000003,467187.97,473831.38,657704.12,0.3,0.060552092609082786
332,2016-12-15,22.15,22.62,22.33,21.88,355628.69,0.04,0.18,23.15,24.296,25.660999999999998,504728.82,496006.73,718163.55,0.37,-0.005821764442454212
333,2016-12-14,22.67,22.9,22.29,22.2,412814.56,-0.77,-3.34,23.631999999999998,24.76,25.895,509713.25,555460.92,730138.81,0.43,-0.0017945266935845288
334,2016-12-13,23.02,23.28,23.06,21.86,484500.97,-0.2,-0.86,24.201999999999998,25.229,26.114,526075.11,633497.85,750853.96,0.5,0.03339115351257587
335,2016-12-12,24.78,24.78,23.26,23.07,789019.44,-1.55,-6.25,24.666,25.539,26.308000000000003,500466.0,663107.81,800923.19,0.81,0.008598452278589975
336,2016-12-09,24.61,25.17,24.81,24.37,481680.44,0.07,0.28,25.114,25.851,26.43,480474.79,709799.78,805411.24,0.5,0.062474808544941446
337,2016-12-08,25.1,25.13,24.74,24.7,380550.84,-0.4,-1.59,25.441999999999997,26.09,26.489,487284.65,726226.4,829250.35,0.39,-0.002829426030719494
338,2016-12-07,25.35,25.37,25.14,24.18,494623.88,-0.24,-0.95,25.888,26.309,26.58,601208.59,729395.95,931737.82,0.51,0.01591089896579165
339,2016-12-06,25.15,25.63,25.38,25.15,356455.41,-0.12,-0.47,26.256,26.517,26.638,740920.59,754024.25,1107864.69,0.37,0.00945626477541365
340,2016-12-05,25.08,25.98,25.5,24.86,689063.38,-0.95,-3.59,26.412,26.709,26.58,825749.62,771417.69,1104545.23,0.71,0.004705882352941215
341,2016-12-02,26.71,26.85,26.45,26.37,515729.72,-0.52,-1.93,26.588,26.899,26.513,939124.77,841576.86,1091086.74,0.53,0.03591682419659733
342,2016-12-01,26.56,27.3,26.97,26.3,950170.56,-0.01,-0.04,26.738000000000003,27.026,26.42,965168.15,940320.36,1094405.21,0.98,0.019280682239525383
343,2016-11-30,27.35,27.99,26.98,26.77,1193183.88,0.82,3.13,26.73,27.029,26.315,857583.32,904816.71,1072858.18,1.23,0.0003706449221646243
344,2016-11-29,26.17,26.53,26.16,25.9,780600.56,-0.22,-0.83,26.778000000000002,26.999000000000002,26.211,767127.9,868210.06,1064067.04,0.8,-0.031345565749235485
345,2016-11-28,27.36,27.42,26.38,25.48,1255939.12,-0.82,-3.02,27.006,27.076999999999998,26.141,717085.77,938738.58,1056607.66,1.29,0.008339651250947645
346,2016-11-25,26.79,27.6,27.2,26.71,645946.62,0.27,1.0,27.21,27.009,26.06,744028.94,901022.69,1015634.7,0.67,0.030147058823529423
347,2016-11-24,27.08,27.19,26.93,26.7,412246.41,-0.29,-1.06,27.314,26.888,25.959,915472.57,932274.31,1012528.65,0.42,-0.01002599331600444
348,2016-11-23,27.9,28.07,27.22,26.98,740906.81,-0.08,-0.29,27.328000000000003,26.851,25.863000000000003,952050.1,1134079.69,1027490.93,0.76,0.010653930933137368
349,2016-11-22,27.04,27.42,27.3,26.9,530389.88,-0.1,-0.36,27.22,26.759,25.764,969292.21,1461705.14,1017105.41,0.55,0.002930402930402998
350,2016-11-21,27.27,28.25,27.4,26.01,1390655.0,-0.32,-1.15,27.148000000000003,26.451,25.660999999999998,1160391.39,1437672.76,1031521.2,1.43,0.0036496350364962726
351,2016-11-18,27.8,29.0,27.72,27.51,1503164.75,0.72,2.67,26.808000000000003,26.127,25.588,1058016.44,1340596.62,1006609.42,1.55,0.011544011544011554
352,2016-11-17,26.62,27.0,27.0,26.31,595134.06,0.32,1.2,26.462,25.814,25.494,949076.05,1248490.06,961681.46,0.61,-0.026666666666666623
353,2016-11-16,26.64,27.22,26.68,26.09,827117.38,-0.26,-0.96,26.374000000000002,25.601,25.444000000000003,1316109.29,1240899.65,964013.43,0.85,-0.01199400299850076
354,2016-11-15,25.6,27.8,26.94,25.46,1485885.75,1.24,4.83,26.298000000000002,25.423000000000002,25.41,1954118.06,1259924.02,969115.13,1.53,0.00965107646622129
355,2016-11-14,26.23,26.25,25.7,25.31,878780.25,-0.29,-1.12,25.754,25.204,25.405,1714954.13,1174476.75,940578.0,0.91,-0.048249027237354164
356,2016-11-11,26.15,26.77,25.99,25.7,958462.81,-0.57,-2.15,25.445999999999998,25.111,25.46,1623176.79,1130246.72,947417.71,0.99,0.011158137745286617
357,2016-11-10,26.0,28.28,26.56,25.58,2430300.25,0.26,0.99,25.166,25.029,25.491,1547904.07,1092782.99,943382.27,2.5,0.021460843373493986
358,2016-11-09,24.43,26.64,26.3,24.35,4017161.25,2.08,8.59,24.828000000000003,24.874000000000002,25.474,1165690.01,920902.17,897231.56,4.14,-0.009885931558935286
359,2016-11-08,24.16,24.49,24.22,24.15,290066.09,0.06,0.25,24.548000000000002,24.768,25.458000000000002,565729.99,572505.68,768149.09,0.3,-0.08587943848059464
360,2016-11-07,24.47,24.58,24.16,24.03,419893.56,-0.43,-1.75,24.654,24.871,25.555,633999.37,625369.65,821566.32,0.43,-0.0024834437086092187
361,2016-11-04,24.84,25.0,24.59,24.46,582099.19,-0.28,-1.13,24.776,25.049,25.647,637316.64,672622.23,864720.93,0.6,0.017486783245221623
362,2016-11-03,24.77,25.19,24.87,24.71,519229.97,-0.03,-0.12,24.892,25.173000000000002,25.706999999999997,637661.91,674872.85,913820.5,0.53,0.01125854443104146
363,2016-11-02,25.45,25.67,24.9,24.9,1017361.12,-0.89,-3.45,24.92,25.285999999999998,25.721,676114.32,687127.21,965529.9,1.05,0.0012048192771083367
364,2016-10-28,24.58,25.25,24.75,24.5,631413.0,-0.02,-0.08,24.988000000000003,25.396,25.71,579281.38,678306.23,980870.51,0.65,-0.006060606060606003
365,2016-10-27,25.07,25.07,24.77,24.7,436479.94,-0.4,-1.59,25.088,25.605,25.746,616739.93,706679.26,1048219.05,0.45,0.0008074283407347426
366,2016-10-26,25.0,25.25,25.17,24.88,583825.5,0.16,0.64,25.322,25.809,25.858,707927.81,764588.69,1204767.89,0.6,0.015891934843067227
367,2016-10-25,25.2,25.34,25.01,24.8,711492.06,-0.23,-0.91,25.454,25.951999999999998,25.83,712083.8,793981.54,1286951.72,0.73,-0.006397441023590569
368,2016-10-24,25.25,25.45,25.24,25.01,533196.38,-0.01,-0.04,25.651999999999997,26.074,25.761,698140.1,873560.95,1282659.94,0.55,0.00911251980982555
369,2016-10-21,25.7,25.88,25.25,25.16,818705.75,-0.69,-2.66,25.804000000000002,26.147,25.68,777331.09,963792.5,1285342.02,0.84,0.000396039603960458
370,2016-10-20,25.72,26.69,25.94,25.51,892419.38,0.11,0.43,26.122,26.239,25.596999999999998,796618.59,1017762.99,1283685.47,0.92,0.026599845797995424
371,2016-10-19,26.0,26.48,25.83,25.79,604605.44,-0.17,-0.65,26.296,26.244,25.479,821249.57,1056819.64,1283435.4,0.62,-0.004258614014711692
372,2016-10-18,25.9,26.13,26.0,25.51,641773.56,0.0,0.0,26.45,26.241,25.362,875879.29,1152768.16,1322192.41,0.66,0.006538461538461604
373,2016-10-17,26.5,26.75,26.0,25.73,929151.31,-0.84,-3.13,26.496,26.155,25.221,1048981.8,1243932.59,1334318.57,0.96,0.0
374,2016-10-14,26.92,27.25,26.84,26.62,915143.25,0.03,0.11,26.49,26.023000000000003,25.101999999999997,1150253.91,1283434.79,1359095.2,0.94,0.03129657228017883
375,2016-10-13,26.51,27.2,26.81,26.3,1015574.31,0.21,0.79,26.355999999999998,25.886999999999997,24.923000000000002,1238907.39,1389758.84,1353065.0,1.05,-0.001118985453189151
376,2016-10-12,26.0,26.67,26.6,25.63,877754.0,0.37,1.41,26.191999999999997,25.906,24.749000000000002,1292389.7,1644947.09,1351392.71,0.9,-0.007894736842105161
377,2016-10-11,25.75,27.41,26.23,25.56,1507286.12,0.26,1.0,26.031999999999996,25.708000000000002,24.590999999999998,1429657.02,1779921.89,1358948.99,1.55,-0.014105985512771674
378,2016-10-10,25.0,25.98,25.97,24.66,1435511.88,-0.2,-0.76,25.814,25.447,24.468000000000004,1438883.38,1691758.94,1379838.64,1.48,-0.010011551790527592
379,2016-09-30,25.9,27.45,26.17,25.81,1358410.62,0.18,0.69,25.555999999999997,25.213,24.340999999999998,1416615.68,1606891.54,1436343.22,1.4,0.007642338555598121
380,2016-09-29,25.68,26.3,25.99,25.38,1282985.88,0.19,0.74,25.418000000000003,24.954,24.279,1540610.3,1549607.95,1487578.98,1.32,-0.006925740669488391
381,2016-09-28,24.88,26.38,25.8,24.33,1564090.62,0.66,2.62,25.62,24.713,24.113000000000003,1997504.48,1510051.17,1468892.81,1.61,-0.007364341085271229
382,2016-09-27,24.61,25.69,25.14,24.51,1553417.88,0.46,1.86,25.384,24.483,23.968000000000004,2130186.75,1491616.67,1429810.59,1.6,-0.02625298329355609
383,2016-09-26,25.19,25.35,24.68,24.4,1324173.38,-0.8,-3.14,25.08,24.285999999999998,23.855999999999998,1944634.5,1424704.56,1412140.9,1.36,-0.01863857374392224
384,2016-09-23,26.32,26.55,25.48,25.24,1978383.75,-1.52,-5.63,24.87,24.18,23.799,1797167.4,1434755.61,1437000.97,2.04,0.03139717425431714
385,2016-09-22,24.8,27.08,27.0,24.41,3567456.75,2.38,9.67,24.49,23.959,23.724,1558605.6,1316371.16,1411615.57,3.67,0.05629629629629628
386,2016-09-21,23.55,24.62,24.62,23.41,2227502.0,1.0,4.23,23.805999999999997,23.590999999999998,23.609,1022597.86,1057838.34,1317980.89,2.29,-0.09666937449228265
387,2016-09-20,23.63,23.69,23.62,23.23,625656.62,-0.01,-0.04,23.581999999999997,23.473000000000003,23.613000000000003,853046.59,937976.09,1296218.44,0.64,-0.04233700254022015
388,2016-09-19,23.58,24.0,23.63,23.51,586837.88,0.05,0.21,23.491999999999997,23.488000000000003,23.662,904774.61,1067918.34,1368431.19,0.6,0.00042319085907735975
389,2016-09-14,23.35,23.8,23.58,23.33,785574.75,0.0,0.0,23.49,23.469,23.759,1072343.81,1265794.91,1545776.89,0.81,-0.002120441051738792
390,2016-09-13,23.38,23.68,23.58,23.2,887418.06,0.08,0.34,23.428,23.604,23.873,1074136.72,1425550.01,1659239.18,0.91,0.0
391,2016-09-12,22.6,23.97,23.5,22.5,1379745.62,0.33,1.42,23.375999999999998,23.511999999999997,24.072,1093078.81,1427734.45,1781607.3,1.42,-0.0034042553191488637
392,2016-09-09,23.5,23.59,23.17,23.01,884296.75,-0.45,-1.91,23.364,23.453000000000003,24.15,1022905.6,1368004.51,1874175.33,0.91,-0.014242555028053442
393,2016-09-08,23.23,24.45,23.62,23.13,1424683.88,0.35,1.5,23.484,23.425,24.131,1231062.07,1399577.24,2017395.92,1.47,0.01905165114309904
394,2016-09-07,23.54,23.54,23.27,23.1,794539.31,-0.05,-0.21,23.448,23.416999999999998,23.985,1459246.0,1439246.34,2025181.13,0.82,-0.01504082509669108
395,2016-09-06,23.4,23.66,23.32,23.0,982128.5,-0.12,-0.51,23.78,23.489,23.881999999999998,1776963.29,1506859.97,2088615.86,1.01,0.0021440823327616085
396,2016-09-05,23.6,23.68,23.44,23.1,1028879.56,-0.33,-1.39,23.648000000000003,23.627,23.814,1762390.09,1578123.45,2146854.08,1.06,0.005119453924914718
397,2016-09-02,23.14,24.6,23.77,23.01,1925079.12,0.33,1.41,23.541999999999998,23.753,23.736,1713103.41,1654460.78,2279079.55,1.98,0.013883045856121089
398,2016-09-01,25.0,25.01,23.44,23.19,2565603.5,-1.49,-5.98,23.366,23.835,23.595,1568092.41,1668944.03,2372861.73,2.64,-0.014078498293515285
399,2016-08-31,22.68,24.93,24.93,22.6,2383125.75,2.27,10.02,23.386,24.049,23.406,1419246.69,1825758.88,2430254.85,2.45,0.05976734857601278
400,2016-08-30,22.95,23.06,22.66,22.55,909262.5,-0.25,-1.09,23.198,24.141,23.054000000000002,1236756.66,1892928.36,2386876.11,0.94,-0.10017652250661957
401,2016-08-29,22.86,23.25,22.91,22.75,782446.19,0.02,0.09,23.605999999999998,24.631999999999998,22.801,1393856.81,2135480.16,2421623.46,0.81,0.010912265386294195
402,2016-08-26,23.59,23.59,22.89,22.88,1200024.12,-0.65,-2.76,23.964000000000002,24.846999999999998,22.514,1595818.15,2380346.16,2446154.26,1.24,-0.0008737439930100294
403,2016-08-25,23.5,23.94,23.54,22.71,1821374.88,-0.45,-1.88,24.304000000000002,24.836,22.226999999999997,1769795.65,2635214.6,2485496.12,1.88,0.027612574341546244
404,2016-08-24,24.4,24.84,23.99,23.75,1470675.62,-0.71,-2.87,24.712,24.553,21.945999999999998,2232271.07,2611115.91,2469800.51,1.51,0.018757815756565207
405,2016-08-23,24.39,25.28,24.7,23.83,1694763.25,0.0,0.0,25.084,24.274,21.616999999999997,2549100.05,2670371.74,2470091.04,1.75,0.028744939271255095
406,2016-08-22,24.79,25.56,24.7,24.44,1792252.88,0.11,0.45,25.658,24.000999999999998,21.271,2877103.5,2715584.71,2460012.7,1.85,0.0
407,2016-08-19,25.15,25.32,24.59,24.51,2069911.62,-0.99,-3.87,25.73,23.718000000000004,20.921,3164874.17,2903698.33,2488117.02,2.13,-0.004473363155754349
408,2016-08-18,25.3,27.68,25.58,24.51,4133752.0,-0.27,-1.04,25.368000000000002,23.354,20.561,3500633.55,3076779.44,2501606.9,4.26,0.03870211102423763
409,2016-08-17,26.61,27.44,25.85,25.36,3054820.5,-1.72,-6.24,24.394000000000002,22.763,20.133,2989960.75,3034750.81,2367154.63,3.15,0.010444874274661628
410,2016-08-16,26.51,27.57,27.57,26.11,3334780.5,2.51,10.02,23.464000000000002,21.965999999999998,19.695,2791643.43,2880823.86,2329659.73,3.44,0.06238665215814287
411,2016-08-15,23.45,25.06,25.06,23.41,3231106.25,2.28,10.01,22.344,20.97,19.172,2554065.93,2707766.76,2244308.31,3.33,-0.10015961691939353
412,2016-08-12,20.8,22.78,22.78,20.52,3748708.5,2.07,9.99,21.706,20.180999999999997,18.79,2642522.48,2511962.35,2160753.21,3.86,-0.10008779631255477
413,2016-08-11,21.15,21.37,20.71,20.64,1580388.0,-0.49,-2.31,21.34,19.617,18.546,2652925.33,2335777.64,2027445.34,1.63,-0.09995171414775472
414,2016-08-10,21.7,21.88,21.2,21.0,2063233.88,-0.77,-3.5,21.131999999999998,19.338,18.408,3079540.88,2328485.1,2032204.4,2.13,0.023113207547169737
415,2016-08-09,22.11,22.29,21.97,21.15,2146893.0,0.1,0.46,20.468,18.96,18.264,2970004.3,2269810.34,2056205.79,2.21,0.03504779244424213
416,2016-08-08,20.74,22.95,21.87,20.55,3673389.0,0.92,4.39,19.596,18.541,18.072,2861467.6,2204440.69,2102102.21,3.78,-0.00457247370827608
417,2016-08-05,20.33,21.63,20.95,19.96,3800722.75,1.28,6.51,18.656,18.124000000000002,17.892,2381402.22,2072535.71,2039040.32,3.91,-0.04391408114558481
418,2016-08-04,17.76,19.67,19.67,17.6,3713465.75,1.79,10.01,17.894000000000002,17.768,17.782,2018629.95,1926434.36,2005226.03,3.83,-0.0650737163192678
419,2016-08-03,17.55,17.97,17.88,17.49,1515551.0,0.27,1.53,17.544,17.503,17.739,1577429.32,1699558.44,2034564.02,1.56,-0.10011185682326637
420,2016-08-02,17.11,17.7,17.61,17.07,1604209.5,0.44,2.56,17.452,17.423,17.835,1569616.37,1778495.59,2472972.82,1.65,-0.015332197614991458
421,2016-08-01,17.01,17.29,17.17,16.9,1273062.12,0.03,0.17,17.486,17.373,17.944000000000003,1547413.77,1780849.85,2492291.14,1.31,-0.02562609202096667
422,2016-07-29,17.05,17.35,17.14,16.81,1986861.38,-0.06,-0.35,17.592,17.399,18.185,1763669.2,1809544.08,2430771.19,2.05,-0.0017502917152859472
423,2016-07-28,17.39,17.93,17.92,17.21,1507462.62,0.5,2.87,17.642,17.474,18.55,1834238.77,1719113.04,2443377.32,1.55,0.043526785714285775
424,2016-07-27,17.78,17.83,17.42,16.91,1476486.25,-0.36,-2.02,17.462,17.477999999999998,18.764,1821687.55,1735923.7,2497173.83,1.52,-0.028702640642939148
425,2016-07-26,17.6,17.83,17.78,17.52,1493196.5,0.08,0.45,17.394000000000002,17.567999999999998,18.903,1987374.8,1842601.25,2482617.71,1.54,0.02024746906636667
426,2016-07-25,17.26,17.79,17.7,16.92,2354339.25,0.31,1.78,17.26,17.602,19.067999999999998,2014285.92,1999763.73,2491651.71,2.43,-0.004519774011299539
427,2016-07-22,17.17,17.59,17.39,17.13,2339709.25,0.37,2.17,17.206,17.659000000000002,19.187,1855418.95,2005544.93,2443544.44,2.41,-0.017826336975273072
428,2016-07-21,16.91,17.19,17.02,16.86,1444706.5,-0.06,-0.35,17.305999999999997,17.795,19.312,1603987.3,2084017.7,2428309.4,1.49,-0.021739130434782667
429,2016-07-20,16.89,17.42,17.08,16.74,2304922.5,-0.03,-0.17,17.494,17.975,19.438,1650159.85,2369569.6,2509442.81,2.37,0.0035128805620608153
430,2016-07-19,17.39,17.39,17.11,17.04,1627752.12,-0.32,-1.84,17.742,18.247,19.562,1697827.7,3167450.05,2574122.68,1.68,0.001753360607831744
431,2016-07-18,17.84,17.84,17.43,17.42,1560004.38,-0.46,-2.57,17.944000000000003,18.515,19.595,1985241.53,3203732.44,2569229.37,1.61,0.018359150889271387
432,2016-07-15,17.9,18.05,17.89,17.86,1082551.0,-0.07,-0.39,18.112000000000002,18.971,19.624000000000002,2155670.9,3051998.3,2604015.13,1.12,0.02571268865287875
433,2016-07-14,18.14,18.18,17.96,17.92,1675569.25,-0.36,-1.97,18.284000000000002,19.625,19.679000000000002,2564048.1,3167641.6,2738288.05,1.73,0.0038975501113585904
434,2016-07-13,18.0,18.49,18.32,17.85,2543261.75,0.2,1.1,18.456,20.05,19.738,3088979.35,3258423.95,2893071.41,2.62,0.01965065502183403
435,2016-07-12,18.27,18.43,18.12,17.56,3064821.25,-0.15,-0.82,18.752,20.237000000000002,19.734,4637072.4,3122634.18,3085402.63,3.16,-0.011037527593818946
436,2016-07-11,18.5,18.69,18.27,18.23,2412151.25,-0.48,-2.56,19.086,20.533,19.657,4422223.35,2983539.69,3119669.75,2.48,0.00821018062397365
437,2016-07-08,18.6,18.98,18.75,18.21,3124437.0,-0.07,-0.37,19.83,20.714000000000002,19.497,3948325.7,2881543.96,3100062.69,3.22,0.025600000000000022
438,2016-07-07,19.1,19.22,18.82,18.71,4300225.5,-0.98,-4.95,20.965999999999998,20.829,19.273,3771235.1,2772601.1,2988248.62,4.43,0.0037194473963868377
439,2016-07-06,19.1,20.78,19.8,19.1,10283727.0,0.01,0.05,21.644000000000002,20.901,19.057000000000002,3427868.55,2649316.03,2792424.75,10.59,0.049494949494949515
440,2016-07-05,19.79,19.79,19.79,19.79,1990576.0,-2.2,-10.01,21.721999999999998,20.875999999999998,18.795,1608195.95,1980795.3,2307329.33,2.05,-0.0005053057099546015
441,2016-07-04,21.99,21.99,21.99,21.99,42663.0,-2.44,-9.99,21.98,20.674,18.53,1544856.03,1934726.3,2245084.86,0.04,0.10004547521600725
442,2015-12-18,22.4,24.43,24.43,21.66,2238984.0,2.22,9.99,21.598000000000003,20.277,18.149,1814762.23,2156031.95,2274416.12,2.3,0.09987720016373317
443,2015-12-17,20.38,22.21,22.21,20.35,2583392.75,2.02,10.01,20.691999999999997,19.732,17.652,1773967.1,2308934.5,2199091.06,2.66,-0.09995497523637996
444,2015-12-16,20.63,20.99,20.19,20.01,1185364.0,-0.89,-4.22,20.158,19.426,17.267,1870763.5,2527718.88,2114223.65,1.22,-0.10004952947003465
445,2015-12-15,19.6,21.46,21.08,19.6,1673876.38,1.0,4.98,20.03,19.230999999999998,16.991,2353394.65,3048171.08,2142627.64,1.72,0.04222011385199227
446,2015-12-14,19.6,20.48,20.08,19.01,1392194.0,0.18,0.91,19.368,18.781,16.637,2324596.58,3255799.81,2091498.79,1.43,-0.04980079681274901
447,2015-12-11,19.14,20.34,19.9,18.78,2035008.38,0.36,1.84,18.956,18.28,16.333,2497301.68,3318581.41,2037924.45,2.09,-0.009045226130653252
448,2015-12-10,19.59,21.36,19.54,19.02,3067374.75,-0.01,-0.05,18.772000000000002,17.715999999999998,16.033,2843901.9,3203896.13,1955355.43,3.16,-0.01842374616171952
449,2015-12-09,17.95,19.55,19.55,17.81,3598519.75,1.78,10.02,18.694000000000003,17.212,15.76,3184674.25,2935533.48,1828729.23,3.7,0.0005115089514067296
450,2015-12-08,17.9,18.07,17.77,17.4,1529886.0,-0.25,-1.39,18.432000000000002,16.713,15.491,3742947.5,2633863.36,1677733.87,1.57,-0.100168823860439
451,2015-12-07,18.82,18.98,18.02,17.67,2255719.5,-0.96,-5.06,18.194000000000003,16.386,15.315999999999999,4187003.05,2555443.42,1627469.59,2.32,0.013873473917869035
452,2015-12-04